epoch	metric	loss	iter	time	train_time	validation_time	epoch_time
0	0.0000	3.0255	0	0.02 hr	52.14s	14.86s	67.02s
1	0.0351	2.0796	204	0.03 hr	32.58s	13.94s	46.54s
2	0.0930	1.7931	408	0.04 hr	32.56s	13.96s	46.54s
3	0.1861	1.5653	612	0.06 hr	32.81s	13.99s	46.83s
4	0.1998	1.3570	816	0.07 hr	32.71s	13.97s	46.69s
5	0.2258	1.2238	1020	0.08 hr	32.58s	13.98s	46.57s
6	0.3058	1.1478	1224	0.10 hr	32.66s	13.98s	46.66s
7	0.3388	1.1139	1428	0.11 hr	32.63s	13.99s	46.64s
8	0.2756	1.0769	1632	0.12 hr	32.68s	13.97s	46.67s
9	0.3104	1.0352	1836	0.14 hr	32.63s	14.00s	46.65s
10	0.5001	1.0291	2040	0.15 hr	32.77s	13.99s	46.78s
11	0.5854	1.0376	2244	0.16 hr	32.58s	13.99s	46.59s
12	0.5160	1.0104	2448	0.18 hr	32.60s	14.00s	46.62s
13	0.3518	0.9944	2652	0.19 hr	32.60s	14.00s	46.62s
14	0.3464	0.9650	2856	0.20 hr	32.45s	14.02s	46.49s
15	0.4883	0.9686	3060	0.22 hr	32.67s	14.01s	46.69s
16	0.4078	0.9500	3264	0.23 hr	32.80s	13.97s	46.79s
17	0.6954	0.8668	3468	0.24 hr	32.81s	14.03s	46.86s
18	0.6902	0.8202	3672	0.25 hr	32.66s	14.00s	46.68s
19	0.2697	0.8415	3876	0.27 hr	32.75s	14.00s	46.77s
20	0.4234	0.8290	4080	0.28 hr	32.46s	14.02s	46.50s
21	0.5983	0.7802	4284	0.29 hr	32.51s	14.00s	46.53s
22	0.7142	0.7077	4488	0.31 hr	32.80s	13.99s	46.80s
23	0.7690	0.7964	4692	0.32 hr	32.40s	13.98s	46.40s
24	0.5102	0.7135	4896	0.33 hr	32.96s	14.00s	46.97s
25	0.6955	0.6601	5100	0.35 hr	32.45s	14.00s	46.47s
26	0.7683	0.6737	5304	0.36 hr	32.51s	14.00s	46.53s
27	0.5563	0.6313	5508	0.37 hr	32.60s	14.00s	46.62s
28	0.7379	0.7401	5712	0.39 hr	32.49s	14.00s	46.51s
29	0.7733	0.6238	5916	0.40 hr	32.65s	14.01s	46.68s
30	0.7973	0.5560	6120	0.41 hr	32.59s	14.00s	46.61s
31	0.7821	0.6234	6324	0.42 hr	32.49s	13.98s	46.49s
32	0.7598	0.7185	6528	0.44 hr	32.66s	14.21s	46.88s
33	0.7932	0.6486	6732	0.45 hr	32.78s	13.97s	46.77s
34	0.7540	0.5308	6936	0.46 hr	32.63s	13.98s	46.63s
35	0.7541	0.5329	7140	0.48 hr	32.49s	14.00s	46.52s
36	0.8062	0.5595	7344	0.49 hr	32.58s	13.98s	46.58s
37	0.8121	0.5824	7548	0.50 hr	32.46s	14.10s	46.58s
38	0.7689	0.5089	7752	0.52 hr	32.64s	13.96s	46.63s
39	0.6928	0.5500	7956	0.53 hr	32.76s	14.00s	46.78s
40	0.7620	0.5292	8160	0.54 hr	32.97s	13.98s	46.96s
41	0.8172	0.4256	8364	0.56 hr	32.45s	13.99s	46.46s
42	0.8070	0.4478	8568	0.57 hr	32.55s	13.98s	46.55s
43	0.7511	0.6941	8772	0.58 hr	32.46s	14.00s	46.49s
44	0.7796	0.6749	8976	0.59 hr	32.65s	14.01s	46.68s
45	0.7898	0.5735	9180	0.61 hr	32.72s	13.98s	46.72s
46	0.7873	0.6255	9384	0.62 hr	32.61s	13.96s	46.59s
47	0.8137	0.5204	9588	0.63 hr	32.58s	13.98s	46.58s
48	0.7717	0.5457	9792	0.65 hr	32.77s	13.98s	46.77s
49	0.3407	0.5185	9996	0.66 hr	32.44s	13.99s	46.45s
50	0.7859	0.8333	10200	0.67 hr	32.59s	13.98s	46.58s
51	0.8201	0.5906	10404	0.69 hr	32.53s	13.98s	46.52s
52	0.8325	0.4425	10608	0.70 hr	32.86s	13.99s	46.87s
53	0.8076	0.4586	10812	0.71 hr	32.47s	14.00s	46.49s
54	0.8116	0.4852	11016	0.73 hr	32.56s	14.00s	46.58s
55	0.8054	0.5364	11220	0.74 hr	32.65s	13.99s	46.66s
56	0.4386	0.6576	11424	0.75 hr	32.58s	13.98s	46.58s
57	0.7499	0.5800	11628	0.76 hr	32.60s	14.00s	46.62s
58	0.8137	0.5474	11832	0.78 hr	32.50s	14.00s	46.52s
59	0.8317	0.4331	12036	0.79 hr	32.76s	13.96s	46.74s
60	0.8223	0.4481	12240	0.80 hr	32.55s	13.97s	46.53s
61	0.8368	0.3885	12444	0.82 hr	32.57s	13.99s	46.58s
62	0.7880	0.4164	12648	0.83 hr	32.94s	13.98s	46.94s
63	0.7785	0.6030	12852	0.84 hr	32.48s	14.00s	46.50s
64	0.8012	0.4972	13056	0.86 hr	32.70s	13.98s	46.70s
65	0.8163	0.4925	13260	0.87 hr	32.95s	13.99s	46.96s
66	0.8168	0.5181	13464	0.88 hr	32.60s	13.99s	46.61s
67	0.8371	0.4620	13668	0.90 hr	32.43s	13.97s	46.42s
68	0.8278	0.4119	13872	0.91 hr	32.57s	13.96s	46.55s
69	0.7827	0.5462	14076	0.92 hr	32.61s	13.97s	46.60s
70	0.8321	0.5342	14280	0.93 hr	32.74s	13.99s	46.75s
71	0.6176	0.4939	14484	0.95 hr	32.57s	13.99s	46.59s
72	0.7963	0.5229	14688	0.96 hr	32.62s	13.99s	46.63s
73	0.8084	0.4127	14892	0.97 hr	32.57s	13.98s	46.57s
74	0.7861	0.3965	15096	0.99 hr	32.54s	13.96s	46.52s
75	0.8118	0.4679	15300	1.00 hr	32.39s	13.97s	46.38s
76	0.6841	0.4688	15504	1.01 hr	32.74s	14.00s	46.75s
77	0.8333	0.4969	15708	1.03 hr	32.76s	13.98s	46.76s
78	0.7692	0.4235	15912	1.04 hr	32.46s	13.99s	46.47s
79	0.7471	0.4155	16116	1.05 hr	32.75s	13.99s	46.76s
80	0.6993	0.5079	16320	1.06 hr	32.74s	13.99s	46.75s
81	0.8211	0.4342	16524	1.08 hr	32.42s	13.99s	46.43s
82	0.8391	0.4580	16728	1.09 hr	32.59s	14.01s	46.62s
83	0.8001	0.4215	16932	1.10 hr	32.43s	14.02s	46.47s
84	0.8343	0.4354	17136	1.12 hr	32.43s	14.00s	46.45s
85	0.8336	0.4352	17340	1.13 hr	32.60s	14.00s	46.61s
86	0.8237	0.4536	17544	1.14 hr	32.90s	14.01s	46.93s
87	0.8409	0.4022	17748	1.16 hr	32.58s	13.99s	46.59s
88	0.8130	0.3709	17952	1.17 hr	32.52s	13.99s	46.54s
89	0.8448	0.3715	18156	1.18 hr	32.50s	14.00s	46.52s
90	0.8423	0.3715	18360	1.20 hr	32.84s	13.99s	46.85s
91	0.8335	0.4265	18564	1.21 hr	32.51s	14.00s	46.52s
92	0.8422	0.3951	18768	1.22 hr	32.46s	13.98s	46.46s
93	0.8493	0.3751	18972	1.23 hr	32.53s	14.01s	46.55s
94	0.8324	0.4234	19176	1.25 hr	32.50s	14.00s	46.52s
95	0.8419	0.4160	19380	1.26 hr	32.47s	13.99s	46.47s
96	0.8495	0.3810	19584	1.27 hr	32.62s	13.99s	46.63s
97	0.8488	0.3588	19788	1.29 hr	32.65s	13.99s	46.66s
98	0.8222	0.3531	19992	1.30 hr	32.63s	13.98s	46.63s
99	0.8469	0.3639	20196	1.31 hr	32.78s	13.98s	46.78s
100	0.8252	0.3601	20400	1.33 hr	32.72s	13.98s	46.73s
101	0.8512	0.3657	20604	1.34 hr	32.45s	13.99s	46.46s
102	0.8538	0.3313	20808	1.35 hr	32.54s	13.99s	46.55s
103	0.7231	0.4046	21012	1.37 hr	32.55s	14.00s	46.56s
104	0.8330	0.4361	21216	1.38 hr	32.54s	14.00s	46.56s
105	0.8446	0.4451	21420	1.39 hr	32.89s	14.00s	46.91s
106	0.8537	0.3566	21624	1.40 hr	32.41s	13.98s	46.41s
107	0.8190	0.3817	21828	1.42 hr	32.62s	14.00s	46.64s
108	0.8520	0.3494	22032	1.43 hr	32.61s	13.99s	46.62s
109	0.8314	0.3723	22236	1.44 hr	32.62s	14.01s	46.65s
110	0.8140	0.4662	22440	1.46 hr	32.44s	14.01s	46.47s
111	0.8409	0.4553	22644	1.47 hr	32.56s	13.99s	46.56s
112	0.8418	0.4252	22848	1.48 hr	32.53s	14.01s	46.55s
113	0.8515	0.3473	23052	1.50 hr	32.69s	13.98s	46.69s
114	0.8242	0.3994	23256	1.51 hr	32.87s	13.99s	46.89s
115	0.8463	0.3992	23460	1.52 hr	32.50s	13.98s	46.50s
116	0.8332	0.3866	23664	1.54 hr	32.76s	13.99s	46.77s
117	0.8471	0.4429	23868	1.55 hr	32.82s	13.98s	46.81s
118	0.8549	0.3411	24072	1.56 hr	32.47s	14.05s	46.54s
119	0.8319	0.3508	24276	1.57 hr	32.90s	13.97s	46.90s
120	0.8328	0.3713	24480	1.59 hr	32.71s	14.00s	46.74s
121	0.8534	0.3727	24684	1.60 hr	32.52s	14.01s	46.54s
122	0.8536	0.3598	24888	1.61 hr	32.60s	14.00s	46.62s
123	0.8461	0.4413	25092	1.63 hr	32.44s	13.98s	46.44s
124	0.8474	0.3728	25296	1.64 hr	32.66s	13.99s	46.67s
125	0.8559	0.3511	25500	1.65 hr	33.10s	13.98s	47.10s
126	0.8559	0.3329	25704	1.67 hr	33.06s	14.03s	47.11s
127	0.8549	0.3241	25908	1.68 hr	32.60s	13.99s	46.61s
128	0.8514	0.3543	26112	1.69 hr	32.70s	14.00s	46.72s
129	0.8538	0.3436	26316	1.71 hr	32.46s	14.01s	46.49s
130	0.8524	0.3238	26520	1.72 hr	32.48s	13.98s	46.48s
131	0.8357	0.3514	26724	1.73 hr	32.56s	13.99s	46.56s
132	0.8555	0.3886	26928	1.74 hr	32.43s	13.99s	46.44s
133	0.8542	0.3416	27132	1.76 hr	32.44s	14.00s	46.46s
134	0.8591	0.3512	27336	1.77 hr	32.58s	13.99s	46.59s
135	0.8268	0.3335	27540	1.78 hr	32.50s	13.98s	46.50s
136	0.8409	0.3860	27744	1.80 hr	32.68s	13.97s	46.68s
137	0.8537	0.3981	27948	1.81 hr	32.70s	14.00s	46.72s
138	0.8595	0.3361	28152	1.82 hr	32.63s	13.99s	46.63s
139	0.8564	0.3467	28356	1.84 hr	32.51s	13.99s	46.53s
140	0.8576	0.3174	28560	1.85 hr	32.67s	14.00s	46.68s
141	0.8613	0.3239	28764	1.86 hr	32.65s	13.99s	46.66s
142	0.8602	0.3127	28968	1.88 hr	32.70s	13.98s	46.70s
143	0.8426	0.3110	29172	1.89 hr	32.70s	13.98s	46.69s
144	0.8585	0.3194	29376	1.90 hr	32.40s	13.95s	46.38s
145	0.8587	0.3494	29580	1.91 hr	32.60s	13.97s	46.60s
146	0.8610	0.3251	29784	1.93 hr	32.60s	13.99s	46.60s
147	0.8617	0.3042	29988	1.94 hr	32.62s	14.00s	46.64s
148	0.8627	0.3035	30192	1.95 hr	32.75s	13.99s	46.76s
149	0.8598	0.3068	30396	1.97 hr	32.51s	14.00s	46.53s
150	0.8615	0.3499	30600	1.98 hr	32.47s	14.01s	46.49s
151	0.8632	0.3077	30804	1.99 hr	32.60s	13.99s	46.61s
152	0.8625	0.3028	31008	2.01 hr	32.74s	13.97s	46.73s
153	0.8623	0.3326	31212	2.02 hr	32.48s	13.99s	46.49s
154	0.8599	0.3164	31416	2.03 hr	32.70s	14.00s	46.72s
155	0.8590	0.3146	31620	2.05 hr	32.62s	13.99s	46.63s
156	0.8235	0.3498	31824	2.06 hr	32.50s	13.98s	46.50s
157	0.8616	0.3208	32028	2.07 hr	32.56s	14.00s	46.59s
158	0.8639	0.3072	32232	2.08 hr	32.66s	14.00s	46.68s
159	0.8655	0.3022	32436	2.10 hr	32.59s	13.98s	46.59s
160	0.8655	0.2986	32640	2.11 hr	32.52s	13.95s	46.48s
161	0.8650	0.2979	32844	2.12 hr	32.63s	13.98s	46.63s
162	0.8652	0.3375	33048	2.14 hr	32.67s	13.97s	46.66s
163	0.8584	0.3058	33252	2.15 hr	32.48s	13.99s	46.49s
164	0.8633	0.3128	33456	2.16 hr	32.43s	13.96s	46.41s
165	0.8650	0.2934	33660	2.18 hr	32.81s	14.00s	46.83s
166	0.8664	0.2942	33864	2.19 hr	32.42s	14.02s	46.46s
167	0.8656	0.2925	34068	2.20 hr	32.47s	13.97s	46.46s
168	0.8662	0.2990	34272	2.21 hr	32.85s	13.99s	46.86s
169	0.8653	0.2919	34476	2.23 hr	32.47s	14.00s	46.49s
170	0.8668	0.2943	34680	2.24 hr	32.42s	13.97s	46.41s
171	0.8671	0.3062	34884	2.25 hr	32.66s	13.98s	46.67s
172	0.8664	0.3100	35088	2.27 hr	32.40s	13.98s	46.40s
173	0.8662	0.2957	35292	2.28 hr	32.80s	13.99s	46.80s
174	0.8675	0.2956	35496	2.29 hr	32.56s	13.99s	46.57s
175	0.8675	0.2871	35700	2.31 hr	32.72s	13.97s	46.71s
176	0.8599	0.3118	35904	2.32 hr	32.83s	13.99s	46.85s
177	0.8655	0.3144	36108	2.33 hr	32.54s	14.00s	46.55s
178	0.8672	0.3079	36312	2.35 hr	32.68s	13.98s	46.69s
179	0.8680	0.3004	36516	2.36 hr	32.56s	13.99s	46.57s
180	0.8668	0.3017	36720	2.37 hr	32.57s	14.00s	46.59s
181	0.8670	0.2975	36924	2.38 hr	32.49s	13.97s	46.48s
182	0.8677	0.2898	37128	2.40 hr	32.86s	13.99s	46.86s
183	0.8665	0.3010	37332	2.41 hr	32.53s	13.99s	46.54s
184	0.8673	0.2862	37536	2.42 hr	32.46s	13.98s	46.45s
185	0.8655	0.3182	37740	2.44 hr	32.55s	13.99s	46.57s
186	0.8680	0.2873	37944	2.45 hr	32.59s	14.00s	46.61s
187	0.8679	0.2892	38148	2.46 hr	32.52s	13.98s	46.52s
188	0.8680	0.2931	38352	2.48 hr	32.59s	13.99s	46.60s
189	0.8688	0.2829	38556	2.49 hr	32.66s	14.02s	46.69s
190	0.8688	0.2835	38760	2.50 hr	32.73s	13.97s	46.72s
191	0.8690	0.2822	38964	2.52 hr	32.57s	13.97s	46.57s
192	0.8694	0.2795	39168	2.53 hr	32.39s	14.00s	46.40s
193	0.8689	0.2754	39372	2.54 hr	32.56s	13.98s	46.56s
194	0.8697	0.2938	39576	2.55 hr	32.43s	13.98s	46.43s
195	0.8700	0.2802	39780	2.57 hr	32.74s	13.98s	46.74s
196	0.8690	0.2769	39984	2.58 hr	32.43s	13.96s	46.40s
197	0.8696	0.2900	40188	2.59 hr	32.76s	14.00s	46.78s
198	0.8709	0.2827	40392	2.61 hr	32.66s	14.00s	46.68s
199	0.8705	0.2913	40596	2.62 hr	32.47s	13.99s	46.48s
200	0.8703	0.2887	40800	2.63 hr	32.63s	13.96s	46.62s
201	0.8709	0.2758	41004	2.65 hr	32.81s	13.97s	46.80s
202	0.8711	0.2782	41208	2.66 hr	32.48s	13.99s	46.49s
203	0.8707	0.2721	41412	2.67 hr	32.50s	13.96s	46.48s
204	0.8708	0.2845	41616	2.69 hr	32.71s	14.00s	46.73s
205	0.8705	0.2786	41820	2.70 hr	32.49s	14.00s	46.51s
206	0.8720	0.2733	42024	2.71 hr	32.51s	13.98s	46.51s
207	0.8715	0.2747	42228	2.72 hr	32.61s	14.00s	46.63s
208	0.8709	0.2742	42432	2.74 hr	32.57s	14.00s	46.59s
209	0.8711	0.2779	42636	2.75 hr	32.81s	13.98s	46.80s
210	0.8710	0.2742	42840	2.76 hr	32.65s	13.98s	46.65s
211	0.8716	0.2722	43044	2.78 hr	32.57s	13.96s	46.55s
212	0.8720	0.2675	43248	2.79 hr	32.50s	13.98s	46.50s
213	0.8723	0.2824	43452	2.80 hr	32.35s	14.00s	46.37s
214	0.8722	0.2848	43656	2.82 hr	32.58s	14.00s	46.60s
215	0.8722	0.2767	43860	2.83 hr	32.55s	14.00s	46.57s
216	0.8727	0.2736	44064	2.84 hr	32.43s	13.99s	46.44s
217	0.8722	0.2714	44268	2.86 hr	32.54s	13.99s	46.56s
218	0.8721	0.2717	44472	2.87 hr	32.58s	13.99s	46.59s
219	0.8724	0.2735	44676	2.88 hr	32.83s	13.99s	46.84s
220	0.8722	0.2710	44880	2.89 hr	32.61s	14.01s	46.64s
221	0.8722	0.2663	45084	2.91 hr	32.66s	14.01s	46.69s
222	0.8727	0.2729	45288	2.92 hr	32.48s	13.97s	46.48s
223	0.8729	0.2665	45492	2.93 hr	32.57s	13.99s	46.58s
224	0.8726	0.2686	45696	2.95 hr	32.72s	13.99s	46.74s
225	0.8727	0.2701	45900	2.96 hr	32.65s	14.00s	46.67s
226	0.8729	0.2698	46104	2.97 hr	32.61s	14.00s	46.63s
227	0.8729	0.2651	46308	2.99 hr	32.46s	13.99s	46.47s
228	0.8728	0.2699	46512	3.00 hr	32.55s	13.99s	46.56s
229	0.8730	0.2786	46716	3.01 hr	32.68s	13.96s	46.66s
230	0.8731	0.2745	46920	3.03 hr	34.26s	13.98s	48.27s
231	0.8729	0.2706	47124	3.04 hr	34.17s	13.99s	48.17s
232	0.8728	0.2658	47328	3.05 hr	32.67s	13.98s	46.67s
233	0.8730	0.2682	47532	3.07 hr	32.44s	14.00s	46.46s
234	0.8731	0.2716	47736	3.08 hr	32.76s	13.98s	46.76s
235	0.8729	0.2728	47940	3.09 hr	32.51s	14.00s	46.53s
236	0.8731	0.2645	48144	3.10 hr	32.61s	13.98s	46.61s
237	0.8732	0.2805	48348	3.12 hr	32.55s	13.95s	46.52s
238	0.8730	0.2675	48552	3.13 hr	32.80s	13.99s	46.81s
239	0.8730	0.2700	48756	3.14 hr	32.58s	13.97s	46.57s
240	0.8730	0.2743	48960	3.16 hr	32.56s	13.98s	46.56s
241	0.8730	0.2609	49164	3.17 hr	32.44s	14.02s	46.47s
242	0.8732	0.2773	49368	3.18 hr	32.75s	13.98s	46.75s
243	0.8731	0.2659	49572	3.20 hr	32.60s	13.99s	46.60s
244	0.8731	0.2617	49776	3.21 hr	32.41s	14.00s	46.43s
245	0.8731	0.2808	49980	3.22 hr	32.79s	13.98s	46.80s
246	0.8731	0.2654	50184	3.24 hr	32.46s	13.97s	46.45s
